{"cameraMode":{"drawMode":0,"name":"Shaded","section":"Shading Mode"},"sceneLighting":true,"audioPlay":false,"sceneViewState":{"m_AlwaysRefresh":false,"showFog":true,"showSkybox":true,"showFlares":true,"showImageEffects":true,"showParticleSystems":true,"showVisualEffectGraphs":true,"m_FxEnabled":true},"in2DMode":false,"pivot":{"x":0.8817036151885986,"y":0.0358119010925293,"z":4.956194877624512},"rotation":{"x":-0.11809230595827103,"y":-0.04674593359231949,"z":0.005564452614635229,"w":-0.9918904900550842},"size":4.070500373840332,"orthographic":false}